{"epoch": 1, "loss/te": 0.8688123822212219, "acc/te": 0.6068999767303467, "loss_tr": 0.8729885816574097, "_timestamp": 1670074796.060955, "_runtime": 115.87264108657837, "_step": 1, "_wandb": {"runtime": 169}}